<?xml version="1.0" encoding="utf-8"?>
<!DOCTYPE hibernate-configuration PUBLIC
"-//Hibernate/Hibernate Configuration DTD 3.0//EN"
"http://hibernate.sourceforge.net/hibernate-configuration-3.0.dtd">
<hibernate-configuration>
	<session-factory>
		<property name="hibernate.connection.driver_class">com.mysql.jdbc.Driver</property>
		<property name="hibernate.connection.password"></property>
		<property name="hibernate.connection.url">jdbc:mysql://localhost:3306/hibernate</property>
		<property name="hibernate.connection.username">root</property>
		<property name="hibernate.dialect">org.hibernate.dialect.MySQLDialect</property>
		<property name="show_sql">true</property>
		<property name="hibernate.hbm2ddl.auto">update</property>
		
		<mapping class="entities.User"></mapping>
		<mapping class="entities.Video"></mapping>
		<mapping class="entities.SDVideo"></mapping>
		<mapping class="entities.HDVideo"></mapping>
		<mapping class="entities.Comment"></mapping>
		<mapping class="entities.ActivityStream"></mapping>
	</session-factory>
</hibernate-configuration>
